{
  "Entities": [
    {
      "CameraComponent": [
        {
          "FOV": 45.0,
          "Far": 1000.0,
          "Forward": [
            0.43615421652793884,
            0.0,
            0.8998719453811646
          ],
          "Near": 0.10000000149011612,
          "Up": [
            0.0,
            -1.0,
            0.0
          ]
        }
      ],
      "TagComponent": [
        {
          "Tag": "Camera"
        }
      ],
      "TransformComponent": [
        {
          "Rotation": [
            1.5,
            0.4513205289840698,
            0.0
          ],
          "Scale": [
            1.0,
            1.0,
            1.0
          ],
          "Translation": [
            -0.8897885084152222,
            -0.5667451620101929,
            -2.385383129119873
          ]
        }
      ]
    },
    {
      "AnimationComponent": [
        {
          "AnimationIndex": 0,
          "AnimationTime": 464.953369140625,
          "BoneOffset": 66,
          "IsPlaying": true
        }
      ],
      "ModelComponent": [
        {
          "ModelIndex": 0
        }
      ],
      "TagComponent": [
        {
          "Tag": "New Entity"
        }
      ],
      "TransformComponent": [
        {
          "Rotation": [
            1.5707963705062866,
            0.0,
            0.0
          ],
          "Scale": [
            1.0,
            1.0,
            1.0
          ],
          "Translation": [
            0.0,
            0.0,
            0.0
          ]
        }
      ]
    }
  ]
}