{
  "Entities": [
    {
      "CameraComponent": [
        {
          "FOV": 45.0,
          "Far": 1000.0,
          "Near": 0.10000000149011612
        }
      ],
      "ModelComponent": [
        {
          "ModelIndex": 0
        }
      ],
      "TagComponent": [
        {
          "Tag": "Hii"
        }
      ],
      "TransformComponent": [
        {
          "Rotation": [
            -1.5,
            0.13693781197071075,
            0.0
          ],
          "Scale": [
            1.0,
            1.0,
            1.0
          ],
          "Translation": [
            0.052483558654785156,
            -0.49000000953674316,
            -1.6330000162124634
          ]
        }
      ]
    }
  ]
}