{
  "Entities": [
    {
      "CameraComponent": [
        {
          "FOV": 45.0,
          "Far": 1000.0,
          "Forward": [
            -0.9976975917816162,
            0.0,
            -0.06781946122646332
          ],
          "Near": 0.10000000149011612,
          "Up": [
            0.0,
            -1.0,
            0.0
          ]
        }
      ],
      "TagComponent": [
        {
          "Tag": "Camera"
        }
      ],
      "TransformComponent": [
        {
          "Rotation": [
            0.0,
            4.644517421722412,
            0.0
          ],
          "Scale": [
            1.0,
            1.0,
            1.0
          ],
          "Translation": [
            1.3247042894363403,
            0.03102562204003334,
            -0.010186539962887764
          ]
        }
      ]
    },
    {
      "AnimationComponent": [
        {
          "AnimationIndex": 3,
          "AnimationTime": 27.647294998168945,
          "BoneOffset": 0,
          "IsPlaying": true
        }
      ],
      "ModelComponent": [
        {
          "ModelIndex": 5,
          "tintColor": [
            1.0,
            1.0,
            1.0,
            0.6078431606292725
          ]
        }
      ],
      "TagComponent": [
        {
          "Tag": "Hii"
        }
      ],
      "TransformComponent": [
        {
          "Rotation": [
            3.1415927410125732,
            0.0,
            0.0
          ],
          "Scale": [
            1.0,
            1.0,
            1.0
          ],
          "Translation": [
            0.0,
            0.0,
            0.0
          ]
        }
      ]
    }
  ]
}