{
  "Entities": [
    {
      "AnimationComponent": [
        {
          "AnimationIndex": 1,
          "AnimationTime": 15664.7666015625,
          "BoneOffset": 0,
          "IsPlaying": true,
          "inPlace": false
        }
      ],
      "ModelComponent": [
        {
          "ModelPath": "assets/models/Adi_Dancing.fbx",
          "tintColor": [
            1.0,
            1.0,
            1.0,
            0.6078431606292725
          ]
        }
      ],
      "TagComponent": [
        {
          "Tag": "Hii"
        }
      ],
      "TransformComponent": [
        {
          "Rotation": [
            -1.565560221672058,
            0.0,
            0.0
          ],
          "Scale": [
            2.0,
            2.0,
            2.0
          ],
          "Translation": [
            0.0,
            0.0,
            0.0
          ]
        }
      ]
    },
    {
      "CameraComponent": [
        {
          "FOV": 45.0,
          "Far": 1000.0,
          "Forward": [
            -0.03223942220211029,
            -0.23529347777366638,
            -0.9713895320892334
          ],
          "InvertY": true,
          "MouseSensitivity": 0.800000011920929,
          "MouseSmoothness": 20.0,
          "MoveSpeed": 15.0,
          "Near": 0.10000000149011612,
          "Pitch": -0.3800048828125,
          "PositionSmoothness": 12.0,
          "RotationSmoothness": 18.0,
          "SmoothedMouseDX": 0.0,
          "SmoothedMouseDY": 0.0,
          "SmoothedPitch": -13.608922958374023,
          "SmoothedPosition": [
            -0.012775389477610588,
            0.6995540857315063,
            2.599625587463379
          ],
          "SmoothedYaw": -1.900890588760376,
          "TargetPitch": -13.608922958374023,
          "TargetYaw": -1.900890588760376,
          "Up": [
            -0.007804851979017258,
            0.9719244241714478,
            -0.23516400158405304
          ],
          "Yaw": 31.973487854003906,
          "isInitialized": true
        }
      ],
      "TagComponent": [
        {
          "Tag": "Camera"
        }
      ],
      "TransformComponent": [
        {
          "Rotation": [
            -13.608922958374023,
            -1.900890588760376,
            0.0
          ],
          "Scale": [
            1.0,
            1.0,
            1.0
          ],
          "Translation": [
            -0.012775389477610588,
            0.6995540857315063,
            2.599625587463379
          ]
        }
      ]
    }
  ]
}