{
  "Entities": [
    {
      "CameraComponent": [
        {
          "FOV": 45.0,
          "Far": 1000.0,
          "Near": 0.10000000149011612
        }
      ],
      "ModelComponent": [
        {
          "ModelIndex": 0
        }
      ],
      "TagComponent": [
        {
          "Tag": "Hii"
        }
      ],
      "TransformComponent": [
        {
          "Rotation": [
            0.0,
            0.0,
            0.0
          ],
          "Scale": [
            0.07999999821186066,
            0.07999999821186066,
            0.07999999821186066
          ],
          "Translation": [
            -0.0,
            -0.800000011920929,
            -2.0
          ]
        }
      ]
    }
  ]
}