{
  "Entities": [
    {
      "CameraComponent": [
        {
          "FOV": 45.0,
          "Far": 1000.0,
          "Forward": [
            0.15066449344158173,
            0.0,
            0.9885849356651306
          ],
          "Near": 0.10000000149011612,
          "Up": [
            0.0,
            -1.0,
            0.0
          ]
        }
      ],
      "TagComponent": [
        {
          "Tag": "Camera"
        }
      ],
      "TransformComponent": [
        {
          "Rotation": [
            1.3124992847442627,
            0.15124040842056274,
            0.0
          ],
          "Scale": [
            1.0,
            1.0,
            1.0
          ],
          "Translation": [
            -10.28032398223877,
            -2.2604968547821045,
            -23.263822555541992
          ]
        }
      ]
    },
    {
      "AnimationComponent": [
        {
          "AnimationIndex": 0,
          "AnimationTime": 82.4159927368164,
          "BoneOffset": 0,
          "IsPlaying": true
        }
      ],
      "ModelComponent": [
        {
          "ModelIndex": 1
        }
      ],
      "TagComponent": [
        {
          "Tag": "New Entity"
        }
      ],
      "TransformComponent": [
        {
          "Rotation": [
            3.1415927410125732,
            0.0,
            0.0
          ],
          "Scale": [
            0.10000000149011612,
            0.10000000149011612,
            0.10000000149011612
          ],
          "Translation": [
            0.0,
            -0.8999999761581421,
            0.0
          ]
        }
      ]
    }
  ]
}